Category No.,Business Category,Website 1 Name,Website 1 URL,Website 2 Name,Website 2 URL,Features to Study,Website 3 Name,Website 3 URL
1,Restaurant,Madras Central Cafe,https://madrascentralcafe.com/,Maa Restaurant & Sweets,https://maarestaurant.in/,"Menu, pricing, catering, local delivery",Zomato,https://www.zomato.com/
2,Cafe,Cafe Nook,https://cafenook.in/,Gateway Cafe,https://www.gatewaycafe.in/,"Menu, gallery, pickup, contact",Blue Tokai,https://bluetokaicoffee.com/
3,Rooftop Cafe,Kaffiiaa,https://www.kaffiiaa.in/,Campanella,https://campanella.in/,"Rooftop ambience, menu, booking",Skyye,https://skyye.in/
4,Gaming Cafe,Social Connect Cafe,https://socialconnectcafe.com/,Not verified,,"Gaming, hourly pricing, reservations",Timezone,https://www.timezonegames.com/
5,Bakery,Honey & Dough,https://www.honeyanddough.in/,Rameshwar's Annapurna,https://www.rameshwarsannapurna.com/,"Products, cakes, custom orders",Theobroma,https://theobroma.in/
6,Home Baker,SNA Bakehouse,https://snabakehouse.com/,Not verified,,"Custom cakes, product gallery, orders",CakeZone,https://cakezone.com/
7,Sweet Shop / Mithai,Nathu's Sweets,https://nathussweetsnfc.in/,Balaji Hotel,https://balajiwale.in/,"Mithai, gifting, catering",Bikanervala,https://bikanervala.com/
8,Ice Cream Shop,ELATŌ,https://www.elatogroups.in/,Rameshwar's Annapurna,https://www.rameshwarsannapurna.com/,"Dessert menu, product display",NIC Ice Creams,https://nicicecreams.com/
9,Tiffin Service,Ghar Jaisa Swad,https://gharjaisaswad.in/,Aggarwal's Foods,https://www.aggarwalsfood.com/,"Meal plans, prices, delivery",Lunchbox,https://eatwithlunchbox.com/
10,Office Tiffin Service,Aggarwal's Foods,https://www.aggarwalsfood.com/,Tiffyn Box,https://www.tiffynbox.com/,"Corporate meals, subscriptions, bulk enquiry",Food Darzee,https://fooddarzee.com/
11,Catering Service,Kalakaari Kitchen,https://kalakaarikitchen.com/,Honey & Dough,https://www.honeyanddough.in/,"Event catering, menus, enquiry",Foodlink,https://foodlink.com/
12,Hotel,Anand Hotel & Resort,https://www.anandhr.in/,Gateway Homestay,https://www.gatewaycafe.in/,"Rooms, amenities, direct enquiry",Taj Hotels,https://www.tajhotels.com/
13,Banquet Hall,Balaji Hotel,https://balajiwale.in/,Anand Hotel & Resort,https://www.anandhr.in/,"Venue gallery, event packages",WedMeGood Venues,https://www.wedmegood.com/
14,Resort / Homestay,Gateway Homestay,https://www.gatewaycafe.in/,Anand Hotel & Resort,https://www.anandhr.in/,"Property gallery, rooms, booking",MakeMyTrip,https://www.makemytrip.com/
15,Cloud Kitchen / Food Truck,Vindu Foods,https://vindufoods.co.in/,CK Foods,https://www.ckfoods.co.in/,"Online ordering, takeaway, catering",Rebel Foods,https://www.rebelfoods.com/
16,Food Truck / Fast Food,McDonald's India,https://www.mcdonaldsindia.com/,Burger Singh,https://www.burgersinghonline.com/,"Menu, offers, ordering, locations",Wow! Momo,https://wowmomo.com/
17,Escape Room,Mystery Rooms,https://mysteryrooms.in/,Escape Room India (discovery link),https://www.google.com/search?q=escape+room+India+official+website,"Game themes, group packages, booking; second is a discovery search, not a business domain",Smaaash,https://smaaash.in/
18,Retail Shop,MR.DIY India,https://www.mrdiy.co.in/,Reliance Retail,https://www.relianceretail.com/,"Product categories, offers, store locator",Miniso India,https://minisoindia.com/
19,Kirana / Grocery Store,JioMart,https://www.jiomart.com/,BigBasket,https://www.bigbasket.com/,"Grocery catalog, delivery, search",Blinkit,https://blinkit.com/
20,Supermarket,DMart,https://www.dmartindia.com/,Smart Bazaar,https://www.relianceretail.com/,"Promotions, categories, store information",More Retail,https://www.moreretail.in/
21,Clothing Store / Boutique,AJIO,https://www.ajio.com/,Biba,https://www.biba.in/,"Product cards, size selection, collections",Myntra,https://www.myntra.com/
22,Jewellery Shop,Tanishq,https://www.tanishq.co.in/,CaratLane,https://www.caratlane.com/,"Product gallery, collections, appointment booking",Kalyan Jewellers,https://www.kalyanjewellers.net/
23,Optical Shop,Lenskart,https://www.lenskart.com/,Titan Eye+,https://www.titaneyeplus.com/,"Frame catalog, lens options, eye test booking",Lenskart,https://www.lenskart.com/
24,Pharmacy / Medical Store,Apollo Pharmacy,https://www.apollopharmacy.in/,Netmeds,https://www.netmeds.com/,"Product catalog, prescription workflow, delivery",Tata 1mg,https://www.1mg.com/
25,Electronics / Mobile Shop,Croma,https://www.croma.com/,Reliance Digital,https://www.reliancedigital.in/,"Product specifications, comparisons, deals",Samsung India,https://www.samsung.com/in/
26,Computer Shop,MDComputers,https://mdcomputers.in/,Vedant Computers,https://www.vedantcomputers.com/,"PC components, filters, product specifications",ASUS India,https://www.asus.com/in/
27,Hardware Shop,MR.DIY India,https://www.mrdiy.co.in/,Hardware shop India (discovery link),https://www.google.com/search?q=hardware+shop+India+official+website,"Tools, product categories, enquiry; second is a discovery search",Häfele India,https://www.hafeleindia.com/
28,Furniture Shop,Urban Ladder,https://www.urbanladder.com/,Pepperfry,https://www.pepperfry.com/,"Furniture gallery, dimensions, room styles",Pepperfry,https://www.pepperfry.com/
29,Home Decor Shop,Home Centre,https://www.homecentre.in/,IKEA India,https://www.ikea.com/in/en/,"Room inspiration, product collections",Chumbak,https://www.chumbak.com/
30,Gift & Stationery Shop,UwishDeal,https://www.uwishdeal.com/,Archies,https://archiesonline.com/,"Gifts, occasion categories, bulk orders",Archies,https://www.archiesonline.com/
31,Toy Shop,Toycra,https://toycra.com/,UwishDeal,https://uwishdeal.com/,"Product categories, age filters, product cards, offers, checkout",Hamleys India,https://www.hamleys.in/
32,Sports Shop,SportsJam,https://sportsjam.in/,ProSports,https://prosports.in/,"Sport-wise navigation, product details, size/variant selectors",Decathlon India,https://www.decathlon.in/
33,Bookshop/Library,Bookswagon,https://www.bookswagon.com/,Bookchor,https://www.bookchor.com/,"Search, genre categories, book details, recommendations",SapnaOnline,https://www.sapnaonline.com/
34,Handicraft Store,Gaatha,https://gaatha.com/,Jaypore,https://www.jaypore.com/,"Craft story, artisan profiles, collection pages, visual product display",Okhai,https://okhai.org/
35,Florist,FlowerAura,https://www.floweraura.com/,Ferns N Petals,https://www.fnp.com/,"Occasion filters, bouquet gallery, delivery date/location",Interflora India,https://www.interflora.in/
36,Musical Instruments Shop,Bajaao,https://www.bajaao.com/,Furtados,https://www.furtadosonline.com/,"Instrument categories, brand filters, specs and product demos",Ugaoo,https://www.ugaoo.com/
37,Telecom/Recharge Shop,Paytm,https://paytm.com/,Airtel,https://www.airtel.in/,"Recharge flow, plan selection, clear CTA and mobile-first layout",Roland India,https://www.roland.com/in/
38,Printing Shop,Printo,https://printo.in/,Vistaprint India,https://www.vistaprint.in/,"Print product configurators, upload artwork, quantity/price options",Jio,https://www.jio.com/
39,Wholesale/Distributor,Udaan,https://udaan.com/,IndiaMART,https://www.indiamart.com/,"Bulk enquiry, product catalogues, supplier trust details",Printo,https://printo.in/
40,Manufacturer/Industrial Supplier,IndiaMART,https://www.indiamart.com/,TradeIndia,https://www.tradeindia.com/,"Industrial product categories, RFQ/enquiry forms, company profiles",Moglix,https://www.moglix.com/
41,Online Store/D2C Brand,The Souled Store,https://www.thesouledstore.com/,Wakefit,https://www.wakefit.co/,"Product storytelling, reviews, filters, offers, conversion layout",TradeIndia,https://www.tradeindia.com/
42,Clinic,Practo,https://www.practo.com/,Cloudnine,https://www.cloudninecare.com/,"Doctor profiles, services, appointment CTA, patient FAQs",IndustryBuying,https://www.industrybuying.com/
43,Dental Clinic,Clove Dental,https://clovedental.in/,Sabka Dentist,https://sabkadentist.com/,"Treatment pages, dentist/location details, appointment booking",Mokobara,https://mokobara.com/
44,Physiotherapy Centre,QI Spine,https://qispine.com/,Physiotherapy India,https://physiotherapyindia.org/,"Service explanation, therapist expertise, booking/contact",Practo,https://www.practo.com/
45,Pathology Lab,Dr Lal PathLabs,https://www.lalpathlabs.com/,Agilus Diagnostics,https://agilusdiagnostics.com/,"Test search, home collection, reports and booking CTAs",Sabka Dentist,https://sabkadentist.com/
46,Hospital/Nursing Home,Narayana Health,https://www.narayanahealth.org/,Aakash Healthcare,https://www.aakashhealthcare.com/,"Department navigation, doctor directory, appointment/emergency info",Cult.fit,https://cult.fit/
47,Veterinary Clinic,Vetic,https://vetic.in/,Heads Up For Tails,https://headsupfortails.com/,"Vet service pages, appointment flows, pet-care service presentation",Metropolis Healthcare,https://www.metropolisindia.com/
48,Ayurveda/Wellness Centre,Kottakkal Arya Vaidya Sala,https://www.aryavaidyasala.com/,Jiva Ayurveda,https://www.jiva.com/,"Treatment/product pages, practitioner info, consultation CTA",Fortis Healthcare,https://www.fortishealthcare.com/
49,Yoga Studio,The Yoga Institute,https://theyogainstitute.org/,Sivananda Yoga Vedanta Centre,https://sivananda.org.in/,"Class schedules, course listings, instructor and registration info",Vetic,https://vetic.in/
50,Spa/Wellness Centre,Four Fountains De-Stress Spa,https://fourfountains.in/,Tattva Spa,https://tattvaspa.com/,"Treatment menu, locations, packages and appointment CTA",Patanjali Ayurved,https://www.patanjaliayurved.net/
51,Mental Wellness/Counselling,YourDOST,https://yourdost.com/,Amaha,https://www.amahahealth.com/,"Counsellor profiles, service types, appointment CTA, confidentiality messaging",Isha Hatha Yoga,https://isha.sadhguru.org/
52,Health Consultant,HealthifyMe,https://www.healthifyme.com/,Fitterfly,https://www.fitterfly.com/,"Consultation packages, expert profiles, programs, enquiry and booking flow",Tattva Spa,https://tattvaspa.com/
53,Salon,Looks Salon,https://www.lookssalon.in/,Naturals Salon,https://naturals.in/,"Service menu, prices, stylist/team, location finder, appointment CTA",MindPeers,https://mindpeers.co/
54,Beauty Parlour,VLCC,https://www.vlcc.com/,Shahnaz Husain,https://www.shahnaz.in/,"Beauty services, treatment descriptions, packages, consultation/contact",HealthifyMe,https://www.healthifyme.com/
55,Bridal Makeup Artist,Sakshi Malik Makeup,https://sakshimalikmakeup.com/,Meenakshi Dutt,https://meenakshidutt.com/,"Bridal portfolio, before/after gallery, packages, booking enquiry",Jawed Habib,https://jawedhabib.co.in/
56,Tattoo Studio,Devil'z Tattooz,https://devilztattoo.com/,Aliens Tattoo,https://www.alienstattoo.com/,"Artist portfolios, style galleries, consultation/appointment form",Lakme Salon,https://www.lakmesalon.in/
57,Nail Studio,Nailashes,https://nailashes.in/,The Nail Artistry,https://thenailartistry.com/,"Nail art gallery, service menu, booking CTA, hygiene/trust sections",Bridal Makeup by Aashmeen,https://aashmeenmunjaal.com/
58,Hair/Skin Clinic,Kaya,https://www.kaya.in/,Oliva Skin & Hair Clinic,https://olivaclinic.com/,"Treatment pages, specialist credentials, clinic locations, consultation booking",Aliens Tattoo,https://www.alienstattoo.com/
59,Tailor/Boutique Stitching,Darzi On Call,https://darzioncall.com/,The Stitching Company,https://thestitchingcompany.in/,"Alteration/stitching services, measurement process, pickup/delivery and booking",Nailashes,https://nailashes.in/
60,Laundry/Dry Cleaning,Tumbledry,https://tumbledry.in/,UClean,https://uclean.in/,"Service list, pickup scheduling, pricing/packages, serviceable locations",Oliva Clinic,https://olivaclinic.com/
61,Curtain/Upholstery Business,D'Decor,https://www.ddecor.com/,Fabindia,https://www.fabindia.com/,"Fabric collections, room inspiration, product categories, enquiry/contact",Manyavar,https://www.manyavar.com/
62,Coaching Institute,Physics Wallah,https://www.pw.live/,Career Launcher,https://www.careerlauncher.com/,"Course/batch pages, faculty, results, fee/enrolment CTA",UClean,https://uclean.in/
63,Home Tutor,UrbanPro,https://www.urbanpro.com/,TeacherOn,https://www.teacheron.com/,"Tutor profiles, subjects, location/online filters, enquiry and reviews",D'Decor,https://www.ddecor.com/
64,School,The Shri Ram School,https://www.tsrs.org/,Delhi Public School R.K. Puram,https://dpsrkp.net/,"Admissions, curriculum, campus gallery, notices, parent resources",Unacademy,https://unacademy.com/
65,Preschool/Daycare,Footprints Preschool,https://www.footprintseducation.in/,Klay Preschools,https://klayschools.com/,"Programs by age, safety features, parent FAQs, visit/enquiry form",Superprof,https://www.superprof.co.in/
66,College/Training Institute,NIIT,https://www.niit.com/,Aptech,https://www.aptech-worldwide.com/,"Programs, course duration, career outcomes, centre locator, enquiry CTA",DPS Society,https://www.dpssociety.org/
67,Computer Institute,Jetking,https://www.jetking.com/,NIELIT,https://www.nielit.gov.in/,"Course categories, certification, centres, admission and contact details",Klay,https://klayschools.com/
68,Arts Academy,Triveni Kala Sangam,https://trivenikalasangam.org/,Kalakshetra Foundation,https://kalakshetra.in/,"Art disciplines, classes, faculty, events, admissions",Amity University,https://www.amity.edu/
69,Dance Academy,Shiamak Davar,https://www.shiamak.com/,Salsa India,https://salsaindia.com/,"Dance styles, class schedules, instructor profiles, trial/enrolment CTA",Aptech,https://www.aptech-worldwide.com/
70,Music Academy,Furtados School of Music,https://www.furtadosschoolofmusic.com/,Swarnabhoomi Academy of Music,https://www.sam.org.in/,"Courses/instruments, faculty, programs, admissions and student showcases",Arena Animation,https://www.arena-multimedia.com/
71,Gym,Cult.fit,https://cult.fit/,Gold's Gym India,https://goldsgym.in/,"Membership plans, trainer profiles, class schedules, trial booking",Kalakshetra,https://kalakshetra.in/
72,Fitness Studio,Anytime Fitness India,https://www.anytimefitness.co.in/,Fitness First India,https://www.fitnessfirst.net.in/,"Studio locations, membership options, class formats, enquiry CTA",Salsa India,https://salsaindia.com/
73,Sports Academy,Sudeva Sports,https://sudevasports.com/,Baichung Bhutia Football Schools,https://bbfootballschools.com/,"Programs by age, coaching details, academy locations, trial registration",Furtados School of Music,https://www.furtadosschoolofmusic.com/
74,CA/Tax Consultant,ClearTax,https://cleartax.in/,TaxBuddy,https://taxbuddy.com/,"Service pages, tax filing process, consultation/enquiry, FAQs",Gold's Gym,https://goldsgym.in/
75,Lawyer/Law Firm,Legalkart,https://www.legalkart.com/,LawRato,https://lawrato.com/,"Practice-area pages, lawyer profiles, consultation booking, FAQs",Fitness First,https://www.fitnessfirst.net.in/
76,Notary/Legal Services,eDrafter,https://www.edrafter.in/,LegalDesk,https://legaldesk.com/,"Document services, process steps, service-specific forms, pricing where shown",Bhaichung Bhutia Football Schools,https://bbfootballschools.com/
77,Insurance Agent,Policybazaar,https://www.policybazaar.com/,Ditto Insurance,https://joinditto.in/,"Insurance category pages, comparison flow, advisor contact, FAQs",Tax2win,https://tax2win.in/
78,Loan Agent/DSA,Paisabazaar,https://www.paisabazaar.com/,LoanTap,https://loantap.in/,"Loan product pages, eligibility information, lead form, callback CTA",IndiaFilings,https://www.indiafilings.com/
79,Financial Advisor,Scripbox,https://scripbox.com/,Kuvera,https://kuvera.in/,"Advisor/service explanation, calculators, onboarding, trust disclosures",Vakilsearch,https://vakilsearch.com/
80,Business Consultant,KPMG India,https://kpmg.com/in/en/home.html,Deloitte India,https://www.deloitte.com/in/en.html,"Consulting service pages, industry navigation, insights, enquiry/contact",PolicyX,https://www.policyx.com/
81,Freelancer/Digital Agency,BrandLoom,https://www.brandloom.com/,PageTraffic,https://www.pagetraffic.com/,"Service packages, case studies, portfolio, discovery-call CTA",Lendingkart,https://www.lendingkart.com/
82,Astrologer/Pooja Services,AstroTalk,https://astrotalk.com/,AstroVed,https://www.astroved.com/,"Service categories, astrologer profiles, booking, puja packages",ET Money,https://www.etmoney.com/
83,Event Planner,WedMeGood,https://www.wedmegood.com/,WeddingWire India,https://www.weddingwire.in/,"Portfolio galleries, vendor categories, enquiry forms, event packages",EY India,https://www.ey.com/en_in
84,Electrician,Urban Company,https://www.urbancompany.com/,Housejoy,https://www.housejoy.in/,"Service menu, booking flow, service areas, pricing presentation",WATConsult,https://www.watconsult.com/
85,Plumber,Urban Company,https://www.urbancompany.com/,NoBroker Home Services,https://www.nobroker.in/,"Service descriptions, booking, availability, service-area details",AstroSage,https://www.astrosage.com/
86,AC Repair,Urban Company,https://www.urbancompany.com/,Reliance ResQ,https://www.relianceresq.com/,"Repair/service options, booking CTA, warranty/service details",WeddingSutra,https://weddingsutra.com/
87,Appliance Repair,Urban Company,https://www.urbancompany.com/,Onsitego,https://onsitego.com/,"Appliance categories, repair plans, booking and protection-plan flow",Mr. Right Services,https://mrright.in/
88,Computer/Laptop Repair,Urban Company,https://www.urbancompany.com/,Lapcare,https://www.lapcare.com/,"Repair/support pages, service locations, product support, contact options",NoBroker,https://www.nobroker.in/
89,Mobile Repair,F1 Info Solutions,https://www.f1infosolutions.com/,Cashify,https://www.cashify.in/,"Device model selection, repair services, price estimate, pickup/booking",Urban Company,https://www.urbancompany.com/
90,Locksmith,KeyMe,https://www.key.me/,Urban Company,https://www.urbancompany.com/,"Service request flow, location selection, clear call/booking CTA",Daikin India,https://www.daikinindia.com/
91,CCTV / Security Services,CP PLUS,https://www.cpplusworld.com/,Hikvision India,https://www.hikvision.com/in/,"Security product categories, solution pages, installer/contact enquiry",Urban Company,https://www.urbancompany.com/
92,Pest Control,HiCare,https://www.pcipestcontrol.com/,PCI Pest Control,https://pc pestcontrol.in/,"Pest-specific service pages, booking, service areas, safety FAQs",F1 Info Solutions,https://www.f1infosolutions.com/
93,RO / Water Purifier,Livpure,https://livpure.com/,Kent,https://www.kent.co.in/,"Product comparison, service/AMC details, installation and service request",Aquaguard,https://www.eurekaforbes.com/
94,Construction Contractor,L&T Construction,https://www.lntecc.com/,Shapoorji Pallonji,https://www.shapoorjipallonji.com/,"Project portfolio, capabilities, sectors, enquiry/contact",Godrej Security Solutions,https://www.godrejsecuritysolutions.com/
95,Painting Contractor,Asian Paints Beautiful Homes,https://www.asianpaints.com/beautiful-homes.html,Nerolac Paints,https://www.nerolac.com/,"Painting services, inspiration gallery, estimate/enquiry CTA",Rentokil PCI,https://www.rentokil-pestcontrolindia.com/
96,Interior Designer,Livspace,https://www.livspace.com/in,DesignCafe,https://www.designcafe.com/,"Project gallery, design styles, consultation booking, budget estimator",Aquaguard,https://www.eurekaf Forbes.com/
97,Architect,Morphogenesis,https://www.morphogenesis.org/,CP Kukreja Architects,https://www.cpkukreja.com/,"Project portfolio, practice profile, project categories, contact",Godrej Construction,https://www.godrej.com/
98,Carpenter / Custom Furniture,IKEA India,https://www.ikea.com/in/en/,WoodenStreet,https://www.woodenstreet.com/,"Furniture galleries, custom options, product details, enquiry/contact",Berger Paints,https://www.bergerpaints.com/
99,Home Cleaning,Urban Company,https://www.urbancompany.com/,NoBroker Home Services,https://www.nobroker.in/,"Cleaning packages, booking steps, service coverage, pricing display",HomeLane,https://www.homelane.com/
100,Solar Installer,Tata Power Solar,https://www.tatapowersolar.com/,Orb Energy,https://www.orbenergy.com/,"Solar solutions, savings/financing info, installation enquiry",Studio Lotus,https://studiolotus.in/
101,Packers & Movers,Agarwal Packers and Movers,https://www.agarwalpackers.in/,Porter,https://porter.in/,"Move types, quote form, tracking, service coverage",Wakefit,https://www.wakefit.co/
102,Driving School,Maruti Suzuki Driving School,https://www.marutisuzukidrivingschool.com/,Motor Training School,https://www.motortrainingschool.com/,"Courses, fees/duration, instructor/centre details, enrolment CTA",NoBroker,https://www.nobroker.in/
103,Auto Garage,GoMechanic,https://gomechanic.in/,Mahindra First Choice Services,https://www.mahindrafirstchoiceservices.com/,"Repair/service menus, vehicle selection, workshop locator, booking",Loom Solar,https://www.loomsolar.com/
104,Car Wash / Detailing,Detailing Devils,https://www.detailingdevils.com/,3M Car Care India,https://www.3mcarcare.3mindia.co.in/,"Detailing packages, before-after gallery, service locations, booking",Porter,https://porter.in/
105,Auto Showroom,Maruti Suzuki,https://www.marutisuzuki.com/,Hyundai India,https://www.hyundai.com/in/en,"Vehicle models, variants, dealer locator, test-drive enquiry",Honda Driving School,https://www.honda2wheelersindia.com/
106,Used Car Dealer,Spinny,https://www.spinny.com/,Cars24,https://www.cars24.com/,"Inventory filters, inspection details, vehicle photos, financing/booking",Maruti Suzuki Service,https://www.marutisuzuki.com/
107,Bike / Scooter Dealer,Bajaj Auto,https://www.bajajauto.com/,Hero MotoCorp,https://www.heromotocorp.com/en-in.html,"Model catalogue, specs, dealer locator, test-ride CTA",CarzSpa,https://carzspa.com/
108,Vehicle Scrapping,CERO Recycling,https://www.cerorecycling.com/,Maruti Suzuki Toyotsu India,https://www.mstcindia.co.in/,"Scrapping process, vehicle eligibility, enquiry and documentation information",Toyota India,https://www.toyotabharat.com/
109,Car / Bike Rental,Royal Brothers,https://www.royalbrothers.com/,Zoomcar,https://www.zoomcar.com/,"Vehicle selection, date/location booking, pricing and rental terms",CarTrade,https://www.cartrade.com/
110,Cab / Taxi Service,BluSmart,https://blu-smart.com/,Savaari,https://www.savaari.com/,"Trip type selection, fare enquiry, booking, route and vehicle options",TVS Motor,https://www.tvsmotor.com/
111,Cycle Repair / Shop,Firefox Bikes,https://www.firefoxbikes.com/,Hero Cycles,https://www.herocycles.com/,"Bike categories, model specifications, dealer locator, service/support",Hero Cycles,https://www.herocycles.com/
112,Auto Parts / Spares,Boodmo,https://boodmo.com/,Uno Minda,https://www.unominda.com/,"Parts categories, vehicle compatibility, product details, dealer/contact",CarDekho,https://www.cardekho.com/
113,Courier / Delivery Service,Delhivery,https://www.delhivery.com/,Shiprocket,https://www.shiprocket.in/,"Service options, shipment tracking, rate/quote tools, business signup",Ecom Express,https://ecomexpress.in/
114,Real Estate Agent,NoBroker,https://www.nobroker.in/,Housing.com,https://housing.com/,"Property listings, locality filters, agent contact, site-visit enquiry",CarWale,https://www.carwale.com/
115,Builder / Developer,Godrej Properties,https://www.godrejproperties.com/,Signature Global,https://www.signatureglobal.in/,"Project pages, floor plans, amenities, brochure and callback forms",DLF,https://www.dlf.in/
116,Property Rental,Magicbricks,https://www.magicbricks.com/,99acres,https://www.99acres.com/,"Rental listings, filters, rent details, owner/agent contact",Magicbricks,https://www.magicbricks.com/
117,PG / Hostel,Stanza Living,https://www.stanzaliving.com/,Zolo Stays,https://zolostays.com/,"Room types, amenities, locations, availability enquiry",HelloWorld,https://www.helloworld.co.in/
118,Coworking Space,91springboard,https://www.91springboard.com/,Awfis,https://www.awfis.com/,"Workspace plans, location pages, amenities, tour booking",WeWork India,https://wework.co.in/
119,Travel Agency,Thomas Cook India,https://www.thomascook.in/,SOTC,https://www.sotc.in/,"Holiday packages, destinations, itinerary details, enquiry forms",Yatra,https://www.yatra.com/
120,Tour Operator,Thrillophilia,https://www.thrillophilia.com/,MakeMyTrip Holidays,https://www.makemytrip.com/holidays-india/,"Tour packages, itineraries, inclusions, dates and booking CTA",Trek The Himalayas,https://trekthehimalayas.com/
121,Taxi / Tour Rental,Savaari,https://www.savaari.com/,Gozo Cabs,https://www.gozocabs.com/,"Outstation routes, vehicle options, fare quote, booking flow",Gozo Cabs,https://www.gozocabs.com/
122,Adventure / Outdoor Tours,Indiahikes,https://indiahikes.com/,Trek The Himalayas,https://trekthehimalayas.com/,"Trek listings, difficulty/duration, itinerary, gear and booking info",Thrillophilia,https://www.thrillophilia.com/
123,Photographer,WedMeGood,https://www.wedmegood.com/,WeddingWire India,https://www.weddingwire.in/,"Portfolio galleries, package enquiries, location/service filters",WeddingWire India,https://www.weddingwire.in/
124,Videographer,WeddingWire India,https://www.weddingwire.in/,WedMeGood,https://www.wedmegood.com/,"Video/portfolio presentation, packages, enquiry and date availability",WedMeGood,https://www.wedmegood.com/
125,Wedding Planner,Shaadi Squad,https://shaadisquad.com/,The Wedding Design Company,https://www.theweddingdesigncompany.com/,"Wedding portfolio, services, planning process, consultation CTA",The Wedding Design Company,https://www.theweddingdesigncompany.com/
126,Event Management,Wizcraft,https://wizcraftworld.com/,Percept Live,https://www.perceptlive.com/,"Event case studies, service capabilities, portfolio and contact",BookMyShow,https://in.bookmyshow.com/
127,Party Rental,RentSher,https://rentsher.com/,Rentomojo,https://www.rentomojo.com/,"Rental catalogue, product categories, duration/pricing, booking details",RentSher,https://rentsher.com/
128,DJ / Music Services,DJ Ravish,https://www.djravish.com/,Sound.com,https://sound.com/,"Artist/service presentation, event packages, media and enquiry",DJ Akbar Sami,https://akbarsami.com/
129,Art Gallery,Nature Morte,https://naturemorte.com/,Gallery Espace,https://www.galleryespace.com/,"Artist listings, exhibition pages, artwork gallery, contact",Kiran Nadar Museum of Art,https://www.knma.in/
130,Drone Services,Skylark Drones,https://skylarkdrones.com/,Asteria Aerospace,https://www.asteria.co.in/,"Drone service solutions, industry use cases, project portfolio, enquiry",Asteria Aerospace,https://www.asteria.co.in/
